{"cameraMode":{"drawMode":0,"name":"Shaded","section":"Shading Mode"},"sceneLighting":false,"audioPlay":false,"sceneViewState":{"showFog":true,"showMaterialUpdate":false,"showSkybox":true,"showFlares":true,"showImageEffects":true,"showParticleSystems":true},"in2DMode":false,"pivot":{"x":6.470381259918213,"y":3.1738407611846926,"z":4.634313583374023},"rotation":{"x":-0.015924664214253427,"y":0.9559786915779114,"z":-0.2882039248943329,"w":-0.052822940051555637},"size":10.469592094421387,"orthographic":false}